continent,threshold_min,population,total_population,rel_pop
Asia,1,566064324,4611300655,12.275589174308566
Africa,1,183422391,1350630854,13.580497621298973
America,1,244002700,1009272028,24.176108445561717
Asia,5,1307433498,4611300655,28.352814006659038
Europe,1,230237435,736571361,31.257994430766363
Africa,5,424507940,1350630854,31.4303452155551
Oceania,1,15638861,41292200,37.87364441710541
Asia,10,1878452286,4611300655,40.73584497170463
Africa,10,621977486,1350630854,46.05088682506879
Asia,15,2304615364,4611300655,49.97755593101747
Africa,15,762047683,1350630854,56.421610741612746
America,5,639409917,1009272028,63.35357557338347
Asia,30,3098623150,4611300655,67.1962941006717
Africa,30,987524499,1350630854,73.1157959316099
Oceania,5,31055385,41292200,75.20884089489056
Asia,45,3516512104,4611300655,76.25857360194182
Europe,5,571716437,736571361,77.6186079545387
Africa,45,1099138924,1350630854,81.37966941483776
America,10,829751486,1009272028,82.21286858056072
America,15,897785807,1009272028,88.95379858877848
Asia,90,4127546105,4611300655,89.50936869675873
Africa,90,1220455724,1350630854,90.36190165399553
Oceania,10,37966014,41292200,91.94475954296453
Africa,120,1247119568,1350630854,92.33607867809009
Europe,10,683303825,736571361,92.76817714882618
Asia,120,4337422062,4611300655,94.06070838814131
America,30,952042520,1009272028,94.3296250750744
Africa,180,1278824495,1350630854,94.68349484336599
America,45,970193518,1009272028,96.12804983038725
Oceania,15,39841337,41292200,96.48635093310601
Asia,180,4456169684,4611300655,96.63585216826422
Europe,15,713892873,736571361,96.92107388356632
Oceania,30,40651089,41292200,98.44737989257051
America,90,996944773,1009272028,98.77859936092473
Oceania,45,40901716,41292200,99.05433956049811
Europe,30,730342622,736571361,99.15436041505285
America,120,1003010762,1009272028,99.37962552946132
Europe,45,733241612,736571361,99.54793938831949
Oceania,90,41150056,41292200,99.65576065213286
America,180,1005939584,1009272028,99.66981706541459
Oceania,120,41173675,41292200,99.71296031696059
Oceania,180,41191483,41292200,99.7560871060394
Europe,90,735472591,736571361,99.85082640214137
Europe,120,735818086,736571361,99.89773224430321
Europe,180,735952807,736571361,99.91602252914636
