region,population,time,gdp_avg,gdp_tot,gdp_pc,mean_annual_temp_C,annual_precip_mm
Central Asia,74805650,85.18609146633446,61092.98,729976300000.0,9758.30401773128,7.501625316680989,242.7435252055774
Eastern Africa,437105934,25.208137518273933,22523.654,735001440000.0,1681.51788200615,23.039042212000947,860.8560752074893
Eastern Asia,1663821489,34.07638074010629,668923.25,26028481000000.0,15643.794334804386,5.59544305551178,558.0082025798986
Eastern Europe,292018586,12.988956537571571,30005.668,6325674700000.0,21661.890743132357,-4.961646433649489,441.5291965966019
Middle Africa,194581186,10.650032995717236,25538.27,449566740000.0,2310.4327074252697,24.408156972961898,1192.9478094746958
Northern Africa,247997682,61.67633562535033,77985.36,2048098800000.0,8258.540208000815,23.127672040138137,109.64989324779665
Northern America,584376179,19.10831626889556,48698.066,21094331000000.0,36097.17862622186,-2.7563808642084493,588.1105204573312
Northern Europe,102436916,11.987498417901987,151612.22,4014046400000.0,39185.54562466523,2.3362834842467097,789.0390160603506
Oceania,41292200,33.82894795532278,3255.5034,1181919600000.0,28623.31406008883,21.414167331854767,670.9414200649585
South America,424895849,15.511674525306493,82361.07,6065315000000.0,14274.827281167438,21.120951855593386,1500.6287122011965
South-Eastern Asia,652993144,7.97291985178579,224733.02,6436517600000.0,9856.945108605918,24.870985097443178,2303.6246946521856
Southern Africa,67014150,56.82008720111092,138795.44,756794650000.0,11293.057581421235,19.305767510221912,402.4382295157749
Southern Asia,1941714313,47.29871785043505,333589.25,10320035000000.0,5314.908888119217,20.955183471140494,743.3271036759645
Southern Europe,148066407,4.10228309872204,259900.12,4337313000000.0,29293.025184193197,12.41817655410554,757.4540069515837
Western Africa,403931902,31.980955744156574,101076.1,1386312500000.0,3432.045085659018,27.354913695488133,625.3131800703592
Western Asia,277966059,48.76610682529043,362724.3,5616685300000.0,20206.37089859953,21.184186042581246,251.81600155669784
Western Europe,194049452,2.2069314138659433,1858919.6,8052728000000.0,41498.32969216527,9.349979067685886,854.103896776868
