region,travel_time
Central Asia,85.18609146633446
Eastern Africa,25.208137518273933
Eastern Asia,34.07638074010629
Eastern Europe,12.988956537571573
Middle Africa,10.650032995717236
Northern Africa,61.67633562535033
Northern America,19.10831626889556
Northern Europe,11.987498417901987
Oceania,33.82894795532278
South America,15.511674525306491
South-Eastern Asia,7.97291985178579
Southern Africa,56.82008720111092
Southern Asia,47.29871785043505
Southern Europe,4.10228309872204
Western Africa,31.980955744156574
Western Asia,48.76610682529043
Western Europe,2.2069314138659433
