region,total_population,double_disadvantage,Tropical(A),Arid(B),Temperate(C),Continental(D),Polar(E)
Central Asia,74805650.0,True,0.0,40.93282125080124,22.562867911715223,36.23491674759861,0.20741748785018244
Western Africa,403931902.0,True,73.13672813097095,26.850710345725552,0.0,0.0,0.0
Northern Africa,247997682.0,True,0.07434464649552652,76.31561572418245,23.57886675731106,0.0,0.0
Southern Asia,1941714313.0,True,37.249466832353725,23.361647229099866,38.136213604766276,1.2128916103838805,0.018001772848856783
South America,424895849.0,False,47.10631781201515,8.92413072267976,42.48484197359151,0.0,1.1497869446119253
Western Asia,277966059.0,False,0.0,52.73481105115787,42.763541861058656,4.383305661069937,0.0020516893395247223
Southern Europe,148066407.0,False,0.0,3.6750516948790417,94.70777662619989,1.1268693782783559,0.4068789215638899
Southern Africa,67014150.0,False,0.1440188378126112,27.18939358329547,72.66658757889192,0.0,0.0
South-Eastern Asia,652993144.0,False,91.82756320026539,0.0,7.677342627658584,0.0,0.0001918856287409964
Oceania,41292200.0,False,28.453531175379368,2.171574776834366,68.4836530870237,0.0,0.00032693825952601215
Eastern Africa,437105934.0,False,47.163873551988885,11.684071989743337,41.09618905333827,0.0,0.0
Northern Europe,102436916.0,False,0.0,0.0,79.94731313465158,19.916114030609823,0.10922429566309864
Northern America,584376179.0,False,20.582265212422357,11.187139097947385,48.612757194539924,19.525322403670394,0.015269445129110918
Middle Africa,194581186.0,False,72.65654758626047,20.9517990089751,6.389506229034907,0.0,0.0
Eastern Europe,292018586.0,False,0.0,0.4251455419347863,29.696961822834112,69.77790653366152,0.0905925213951964
Eastern Asia,1663821489.0,False,0.5777875849997511,5.063944813613355,74.05445669177794,20.016771883392835,0.23971892576031034
Western Europe,194049452.0,False,0.0,0.0,97.7704925443438,1.664850875229475,0.4185824755640124
