region,threshold_min,population,time,gdp_avg,gdp_tot,gdp_pc
Central Asia,1,638240,0.08337539009794935,106110.94,10302417000.0,16141.916670844823
Central Asia,5,3639958,0.7963175971227684,593861.8,73313430000.0,20141.283898330694
Central Asia,10,6985172,2.6166798998350944,797263.5,130535960000.0,18687.579415367294
Central Asia,15,9680514,5.042199841744741,789869.3,168699500000.0,17426.70837519578
Central Asia,30,18961353,13.334131867073285,645222.56,254522880000.0,13423.244854731622
Central Asia,45,29529994,21.221490785449237,538765.25,312311970000.0,10576.093304996946
Central Asia,90,47260800,43.95725603254634,364788.16,413630000000.0,8752.073711151737
Central Asia,120,52835627,58.18993104158508,300591.7,443661900000.0,8397.021767452481
Central Asia,180,60357526,85.18609146633446,243211.28,509937200000.0,8448.609852961832
Eastern Africa,1,44651094,0.046574046460927776,35093.383,92139815000.0,2063.5511172917736
Eastern Africa,5,121200000,0.4401611280030476,85437.65,255451820000.0,2107.688317887789
Eastern Africa,10,197900033,1.414826551350342,115576.234,396090740000.0,2001.4687750961618
Eastern Africa,15,256593074,3.2794326808064285,119735.77,491303170000.0,1914.7172076203428
Eastern Africa,30,345731402,6.669762764514381,124248.586,622213200000.0,1799.701150432381
Eastern Africa,45,380375253,9.37470028838225,122068.76,670445900000.0,1762.5908183043653
Eastern Africa,90,413960097,15.525179022955925,115073.91,711454400000.0,1718.6546003925591
Eastern Africa,120,420983892,18.896454910165502,111998.836,719677750000.0,1709.5137485592916
Eastern Africa,180,428493477,25.208137518273933,107555.01,726590400000.0,1695.6860770134897
Eastern Asia,1,339710936,0.05887566644293091,1004482.56,4664687300000.0,13731.342841668187
Eastern Asia,5,686934780,0.3146590176273577,2180905.0,11045224000000.0,16078.998839592894
Eastern Asia,10,889120694,0.7486066632344494,2708943.2,14538337000000.0,16351.365475319823
Eastern Asia,15,1033272004,1.6281993890605162,2900372.0,16767804000000.0,16227.870218986403
Eastern Asia,30,1287083546,4.568630770758006,3114914.2,20991940000000.0,16309.69491783403
Eastern Asia,45,1409586113,7.38551727433563,3137171.5,23108631000000.0,16393.912313045043
Eastern Asia,90,1580721274,16.416693704201283,2896455.0,25183815000000.0,15931.850783079926
Eastern Asia,120,1623979245,22.42215290541382,2746357.2,25620290000000.0,15776.241907150728
Eastern Asia,180,1645955466,34.07638074010629,2512679.2,25815770000000.0,15684.366732153128
Eastern Europe,1,88244502,0.04083499259016811,84722.75,2096678400000.0,23759.87613215835
Eastern Europe,5,224376544,0.29379801716607024,189289.42,5061238300000.0,22556.89581014315
Eastern Europe,10,266150049,0.8499100275712896,207124.22,5971840000000.0,22437.869525727572
Eastern Europe,15,277954118,1.5688483698164966,201388.78,6172507600000.0,22206.92997868087
Eastern Europe,30,286858802,3.3742162316266624,186443.48,6265068000000.0,21840.250384480096
Eastern Europe,45,289314390,4.814838743091038,179338.42,6291773000000.0,21747.183727155778
Eastern Europe,90,291486530,8.237882363549136,169652.53,6314391000000.0,21662.71964114431
Eastern Europe,120,291822630,10.040394616111113,166558.75,6317595000000.0,21648.749113555725
Eastern Europe,180,291952345,12.988956537571573,163008.88,6318982700000.0,21643.884014235267
Middle Africa,1,52914589,0.017332523971452313,17765.441,90433740000.0,1709.051180573282
Middle Africa,5,93991092,0.12466199227682002,36972.84,194841310000.0,2072.9763761016843
Middle Africa,10,125539626,0.467652040584346,49155.035,270704050000.0,2156.3235354548533
Middle Africa,15,147875515,1.63595232769704,52343.312,318498100000.0,2153.8258817763035
Middle Africa,30,170195669,3.4374161918976687,58733.45,392014900000.0,2303.3188286359978
Middle Africa,45,182667998,4.842236028946838,60740.19,423058100000.0,2315.994685133627
Middle Africa,90,189446914,7.404944230849755,59987.977,436955120000.0,2306.4778960506055
Middle Africa,120,190762222,8.610847470587533,59581.324,439459000000.0,2303.7002999052925
Middle Africa,180,192724874,10.650032995717236,59332.88,444155270000.0,2304.6078889847918
Northern Africa,1,6519529,0.1194370036185911,333158.6,56714256000.0,8699.133999403944
Northern Africa,5,26283208,1.0299896850764705,1086901.4,256053310000.0,9742.087554000258
Northern Africa,10,47915989,2.7383107693986197,1458408.9,454488330000.0,9485.107907174784
Northern Africa,15,66026972,5.33396446361506,1497803.4,625735800000.0,9476.972947600869
Northern Africa,30,117354610,11.952336634882297,1570677.5,1071682700000.0,9132.003275201545
Northern Africa,45,147222217,17.429467663494453,1522503.9,1319222200000.0,8960.755206016222
Northern Africa,90,180550383,32.77021469034131,1257316.0,1584746200000.0,8777.307335249463
Northern Africa,120,189998473,42.20405357679902,1141196.2,1654428700000.0,8707.589264720038
Northern Africa,180,202987005,61.67633562535033,982217.56,1740009200000.0,8572.022837737815
Northern America,1,163039404,0.0804105432915245,374583.25,6262043000000.0,38408.15634306416
Northern America,5,387417461,0.4300324288087475,757841.8,14207661000000.0,36672.74198840511
Northern America,10,493762312,1.1933734876310336,858309.0,17928152000000.0,36309.27564995686
Northern America,15,530740160,2.1250663523516296,847041.4,19214136000000.0,36202.52890628816
Northern America,30,564980420,4.566657847034421,791405.5,20432034000000.0,36164.14519189178
Northern America,45,573302314,6.837128883645396,748215.3,20748350000000.0,36190.93969463378
Northern America,90,579550153,12.353217770576583,683469.75,20959633000000.0,36165.34864837487
Northern America,120,582789369,15.069139011586284,665410.75,21027348000000.0,36080.52823522249
Northern America,180,583988749,19.10831626889556,645990.2,21059570000000.0,36061.60402907351
Northern Europe,1,25699106,0.17076429789795325,397542.2,1017795050000.0,39604.297967407896
Northern Europe,5,74631961,0.667610830401528,957493.0,2932489800000.0,39292.68114479801
Northern Europe,10,95276118,1.1595660442894236,1126294.8,3709573300000.0,38934.974947824805
Northern Europe,15,100717636,1.599947453143284,1150874.8,3937957300000.0,39098.984755361016
Northern Europe,30,102294749,2.8112802284995873,1099697.0,3999150600000.0,39094.388286303925
Northern Europe,45,102360338,4.044280284275956,1061127.2,4001344300000.0,39090.768321300384
Northern Europe,90,102391315,7.482472021087088,1002016.3,4003296700000.0,39098.01047637683
Northern Europe,120,102397960,9.447183431015326,981758.4,4003639000000.0,39098.81668173858
Northern Europe,180,102401551,11.987498417901987,963423.94,4003868400000.0,39099.685537223944
Oceania,1,15638861,0.07873711176546361,111629.75,307641000000.0,19671.572740751388
Oceania,5,31055385,0.46829844999364945,267259.7,839588500000.0,27035.19894356486
Oceania,10,37966014,1.414114036505502,303008.88,1089223260000.0,28689.428977400683
Oceania,15,39841337,3.0098087006882928,273685.28,1149267700000.0,28846.113739205088
Oceania,30,40651089,5.910389627161025,235005.6,1164656200000.0,28650.062653524485
Oceania,45,40901716,8.36846081240306,217036.7,1166725500000.0,28525.09856672028
Oceania,90,41150056,15.545392984405009,190839.44,1170955700000.0,28455.749809331974
Oceania,120,41173675,21.183698269522004,178909.23,1171325000000.0,28448.39716328455
Oceania,180,41191483,33.82894795532278,161369.44,1172161200000.0,28456.396371065348
South America,1,80963296,0.040384673841015024,79982.1,920927500000.0,11374.629184661651
South America,5,251992456,0.376130810148495,257620.27,3332938000000.0,13226.339900651628
South America,10,335989174,1.0182158949772262,328156.44,4636713400000.0,13800.186963023993
South America,15,367045647,1.9574921120620112,335320.7,5156425000000.0,14048.45678172557
South America,30,387062100,3.888478941300021,320489.03,5455004000000.0,14093.355508255652
South America,45,396891204,5.52210593642867,313076.6,5605554700000.0,14123.655537440432
South America,90,417394620,9.102287523245566,310069.16,5907777300000.0,14153.937401033103
South America,120,420221393,11.280579951577526,304667.16,5940139500000.0,14135.738025350842
South America,180,421950835,15.511674525306491,296294.72,5960664400000.0,14126.442837161349
South-Eastern Asia,1,91699044,0.03972885898431666,204046.66,640749540000.0,6987.526884489657
South-Eastern Asia,5,251879761,0.4923765083679486,642729.0,2345729500000.0,9312.894034832754
South-Eastern Asia,10,385766983,1.1763454660230281,903335.5,3636143000000.0,9425.749800469575
South-Eastern Asia,15,470931518,1.9594281601902424,1017724.3,4390966500000.0,9324.00223412526
South-Eastern Asia,30,607841122,4.135391438373438,1252671.5,6059788300000.0,9969.362252447278
South-Eastern Asia,45,641650262,5.746823647111502,1248589.9,6354974000000.0,9904.108814168925
South-Eastern Asia,90,651531722,7.355235568455535,1222370.9,6411508500000.0,9840.669760690485
South-Eastern Asia,120,652124417,7.689058398965714,1218528.5,6413767700000.0,9835.190194707891
South-Eastern Asia,180,652353026,7.97291985178579,1216473.1,6416321500000.0,9835.658336711693
Southern Africa,1,9317535,0.21844411745889578,345651.44,97251795000.0,10437.502509408336
Southern Africa,5,30196145,1.2019978734792136,765953.8,319129300000.0,10568.54405434866
Southern Africa,10,44695610,3.075110739744993,859344.75,491598480000.0,10998.809040977403
Southern Africa,15,52499935,5.373177885438056,788645.94,589932400000.0,11236.821465474195
Southern Africa,30,60979676,10.854849768759442,635672.94,698100500000.0,11448.08447404673
Southern Africa,45,63375400,15.959851383942766,533258.2,722798900000.0,11405.038915667594
Southern Africa,90,65747494,30.14126007072705,394190.6,745610350000.0,11340.513548638066
Southern Africa,120,66312872,39.313180504855595,348397.5,750738800000.0,11321.162513365429
Southern Africa,180,66746091,56.82008720111092,293996.66,754334560000.0,11301.554189173416
Southern Asia,1,111695104,0.056914168122322986,463056.1,503141000000.0,4504.593212608495
Southern Asia,5,303229905,0.7539466682647078,1209074.8,1674603500000.0,5522.554011260861
Southern Asia,10,509027160,2.0131258868842488,1720066.5,2884929800000.0,5667.536182737283
Southern Asia,15,688539323,3.720156695694645,1969065.0,3910592600000.0,5679.548714297614
Southern Asia,30,1050691918,9.000396240568008,2175333.0,6005984000000.0,5716.217763312043
Southern Asia,45,1282333133,13.811447350775337,2186612.5,7255694000000.0,5658.197388044874
Southern Asia,90,1664291735,26.769064666516638,2059951.5,9089472000000.0,5461.465566970444
Southern Asia,120,1806503736,34.73645188396892,1965989.0,9662619000000.0,5348.79572006155
Southern Asia,180,1881046215,47.29871785043505,1807978.1,9999688000000.0,5316.024838281817
Southern Europe,1,45524061,0.2375790903135005,1076492.8,1219199100000.0,26781.422401485666
Southern Europe,5,104098745,1.021828946646307,1904787.8,2950163900000.0,28340.05210541203
Southern Europe,10,131312060,1.84889550731725,2160490.2,3817119400000.0,29069.069637015822
Southern Europe,15,141442295,2.5331972727041228,2189732.2,4127522600000.0,29181.67125226581
Southern Europe,30,147160511,3.6299668552152418,2144569.8,4300166700000.0,29220.92775347865
Southern Europe,45,147535461,3.9135956368532474,2130504.8,4310281700000.0,29215.225405911056
Southern Europe,90,147560904,4.055210059921334,2125459.5,4311124500000.0,29215.899500317508
Southern Europe,120,147563089,4.081818862895244,2124925.5,4311202000000.0,29215.990957738763
Southern Europe,180,147563969,4.10228309872204,2124624.0,4311227600000.0,29215.990822475098
Western Africa,1,70019644,0.07729296278893943,226040.1,275656570000.0,3936.846250289419
Western Africa,5,152837495,0.5835095978698691,431497.8,628935200000.0,4115.05847724081
Western Africa,10,205926228,1.6551906026754508,497083.5,846255800000.0,4109.509628389833
Western Africa,15,239052187,3.2765423562810647,482966.4,962562700000.0,4026.579714897149
Western Africa,30,293263142,7.173676491517052,447123.88,1121611500000.0,3824.5909082703615
Western Africa,45,325498056,10.752147582321351,427140.22,1214543300000.0,3731.3381022466074
Western Africa,90,370750836,19.421948342951048,394029.28,1335046800000.0,3600.92736817996
Western Africa,120,379062109,23.85307270790392,378352.84,1352472200000.0,3567.943529718503
Western Africa,180,387873048,31.980955744156574,356772.44,1363900000000.0,3516.356655005325
Western Asia,1,22321000,0.1936762225969646,763801.1,353288600000.0,15827.632508220959
Western Asia,5,61749094,0.9578438237716836,1885873.5,1160749500000.0,18797.8387950437
Western Asia,10,87552277,2.083071728716012,2234795.0,1640187600000.0,18733.808144544317
Western Asia,15,102192005,3.5352079576467643,2213676.5,1874503500000.0,18342.956795338345
Western Asia,30,134045211,8.061292777307047,2045051.8,2273578000000.0,16961.27777163184
Western Asia,45,153412602,12.435954794414519,1927842.2,2515608500000.0,16397.66552580863
Western Asia,90,183740574,24.74497792373741,1705805.2,2884829000000.0,15700.55464100161
Western Asia,120,201979037,32.989405433051395,1737957.5,3275761400000.0,16218.32361480167
Western Asia,180,216457451,48.76610682529043,1623275.8,3540517000000.0,16356.642424584405
Western Europe,1,70769766,0.4506961930615822,2478492.5,2898782800000.0,40960.75218018949
Western Europe,5,168609187,1.2996462986339379,3926683.2,6911912600000.0,40993.689003292566
Western Europe,10,190565598,1.682428310107356,4190672.2,7878493000000.0,41342.682835671105
Western Europe,15,193778824,1.8184285714285715,4220850.0,8036498300000.0,41472.53095287646
Western Europe,30,194028560,1.9530329119521583,4196539.0,8047543000000.0,41476.07407569278
Western Europe,45,194031423,2.01574152684638,4189440.2,8048321000000.0,41479.471965486744
Western Europe,90,194033842,2.121634591152157,4182444.2,8048984000000.0,41482.37293096531
Western Europe,120,194034407,2.158098383408773,4181019.0,8049139000000.0,41483.04924101425
Western Europe,180,194034942,2.2069314138659433,4179650.0,8049220000000.0,41483.353676947525
