region,population,ttw
Central Asia,74805650,95.84503999363685
Eastern Africa,437105934,25.02238520285108
Eastern Asia,1663821489,22.87723798715765
Eastern Europe,292018586,4.906736682849358
Middle Africa,194581186,15.123196252899804
Northern Africa,247997682,77.87472060323532
Northern America,584376179,7.057898758053244
Northern Europe,102436916,4.351697224074962
Oceania,41292200,4.916091368345596
South America,424895849,11.750918216195611
South-Eastern Asia,652993144,11.860416356836971
Southern Africa,67014150,13.372843615863218
Southern Asia,1941714313,44.762478213240634
Southern Europe,148066407,5.453114243529932
Western Africa,403931902,31.434651021943793
Western Asia,277966059,85.45977573110824
Western Europe,194049452,2.9130977808687653
