region,threshold_min,population
Central Asia,1,638240
Central Asia,5,3639958
Central Asia,10,6985172
Central Asia,15,9680514
Central Asia,30,18961353
Central Asia,45,29529994
Central Asia,90,47260800
Central Asia,120,52835627
Central Asia,180,60357526
Eastern Africa,1,44651094
Eastern Africa,5,121200000
Eastern Africa,10,197900033
Eastern Africa,15,256593074
Eastern Africa,30,345731402
Eastern Africa,45,380375253
Eastern Africa,90,413960097
Eastern Africa,120,420983892
Eastern Africa,180,428493477
Eastern Asia,1,339710936
Eastern Asia,5,686934780
Eastern Asia,10,889120694
Eastern Asia,15,1033272004
Eastern Asia,30,1287083546
Eastern Asia,45,1409586113
Eastern Asia,90,1580721274
Eastern Asia,120,1623979245
Eastern Asia,180,1645955466
Eastern Europe,1,88244502
Eastern Europe,5,224376544
Eastern Europe,10,266150049
Eastern Europe,15,277954118
Eastern Europe,30,286858802
Eastern Europe,45,289314390
Eastern Europe,90,291486530
Eastern Europe,120,291822630
Eastern Europe,180,291952345
Middle Africa,1,52914589
Middle Africa,5,93991092
Middle Africa,10,125539626
Middle Africa,15,147875515
Middle Africa,30,170195669
Middle Africa,45,182667998
Middle Africa,90,189446914
Middle Africa,120,190762222
Middle Africa,180,192724874
Northern Africa,1,6519529
Northern Africa,5,26283208
Northern Africa,10,47915989
Northern Africa,15,66026972
Northern Africa,30,117354610
Northern Africa,45,147222217
Northern Africa,90,180550383
Northern Africa,120,189998473
Northern Africa,180,202987005
Northern America,1,163039404
Northern America,5,387417461
Northern America,10,493762312
Northern America,15,530740160
Northern America,30,564980420
Northern America,45,573302314
Northern America,90,579550153
Northern America,120,582789369
Northern America,180,583988749
Northern Europe,1,25699106
Northern Europe,5,74631961
Northern Europe,10,95276118
Northern Europe,15,100717636
Northern Europe,30,102294749
Northern Europe,45,102360338
Northern Europe,90,102391315
Northern Europe,120,102397960
Northern Europe,180,102401551
Oceania,1,15638861
Oceania,5,31055385
Oceania,10,37966014
Oceania,15,39841337
Oceania,30,40651089
Oceania,45,40901716
Oceania,90,41150056
Oceania,120,41173675
Oceania,180,41191483
South America,1,80963296
South America,5,251992456
South America,10,335989174
South America,15,367045647
South America,30,387062100
South America,45,396891204
South America,90,417394620
South America,120,420221393
South America,180,421950835
South-Eastern Asia,1,91699044
South-Eastern Asia,5,251879761
South-Eastern Asia,10,385766983
South-Eastern Asia,15,470931518
South-Eastern Asia,30,607841122
South-Eastern Asia,45,641650262
South-Eastern Asia,90,651531722
South-Eastern Asia,120,652124417
South-Eastern Asia,180,652353026
Southern Africa,1,9317535
Southern Africa,5,30196145
Southern Africa,10,44695610
Southern Africa,15,52499935
Southern Africa,30,60979676
Southern Africa,45,63375400
Southern Africa,90,65747494
Southern Africa,120,66312872
Southern Africa,180,66746091
Southern Asia,1,111695104
Southern Asia,5,303229905
Southern Asia,10,509027160
Southern Asia,15,688539323
Southern Asia,30,1050691918
Southern Asia,45,1282333133
Southern Asia,90,1664291735
Southern Asia,120,1806503736
Southern Asia,180,1881046215
Southern Europe,1,45524061
Southern Europe,5,104098745
Southern Europe,10,131312060
Southern Europe,15,141442295
Southern Europe,30,147160511
Southern Europe,45,147535461
Southern Europe,90,147560904
Southern Europe,120,147563089
Southern Europe,180,147563969
Western Africa,1,70019644
Western Africa,5,152837495
Western Africa,10,205926228
Western Africa,15,239052187
Western Africa,30,293263142
Western Africa,45,325498056
Western Africa,90,370750836
Western Africa,120,379062109
Western Africa,180,387873048
Western Asia,1,22321000
Western Asia,5,61749094
Western Asia,10,87552277
Western Asia,15,102192005
Western Asia,30,134045211
Western Asia,45,153412602
Western Asia,90,183740574
Western Asia,120,201979037
Western Asia,180,216457451
Western Europe,1,70769766
Western Europe,5,168609187
Western Europe,10,190565598
Western Europe,15,193778824
Western Europe,30,194028560
Western Europe,45,194031423
Western Europe,90,194033842
Western Europe,120,194034407
Western Europe,180,194034942
