region,gdp_pc_2020_usd,gdp_pc_SSP1_2050_usd,gdp_pc_SSP3_2050_usd,mean_tt_2020,mean_tt_SSP1_2050,mean_tt_SSP3_2050,total_pop_2020_B,total_pop_SSP1_2050_B,total_pop_SSP3_2050_B
Central Asia,12001.530461683698,26686.604979303662,18986.28767204561,57.74721276680558,57.74721276680558,57.74721276680561,0.060357526,0.0787854833555475,0.08967680051778727
Eastern Africa,2432.087271790308,8479.934534767694,5138.400050221492,20.399975703714155,20.399975703714155,20.399975703714148,0.428493477,0.7137818072750473,0.8577829102039236
Eastern Asia,19271.59391883159,46976.28805423716,37072.391360980015,20.357661552308365,20.35766155230837,20.357661552308393,1.645955466,1.5215021272634324,1.5218063106981805
Eastern Europe,25408.225530458163,50381.52304153576,41500.57345879246,4.849993080206292,4.849993080206283,4.849993080206299,0.291952345,0.2671856609325983,0.26334043107217703
Middle Africa,2784.771403657357,6307.409674889058,3937.115821382444,12.81272028747052,12.812720287470508,12.812720287470496,0.192724874,0.36282223521114004,0.45487599933348905
Northern Africa,9804.526902192369,27963.50725002465,17315.457866978755,38.59866576680611,38.59866576680612,38.59866576680612,0.202987005,0.2836544365632508,0.3218316314837445
Northern America,58928.7081041204,92471.94726933644,78883.73890399458,6.8934089310682936,6.893408931068303,6.893408931068288,0.583988749,0.6562951431439639,0.6492526278195595
Northern Europe,46992.65388711276,85194.76291218778,68939.58663507694,4.265134304459901,4.265134304459902,4.2651343044599,0.102401551,0.11056011485882528,0.1093090491315454
Oceania,35186.22043224442,65150.0263036063,47623.8460515809,4.304612994875664,4.304612994875662,4.304612994875667,0.041191483,0.05180750058779474,0.05352509054079559
South America,14390.776466950176,32794.21091122175,24497.734664111023,10.053156553179946,10.053156553179946,10.053156553179928,0.421950835,0.46669723341486086,0.5064926218197009
South-Eastern Asia,12047.22756316943,33179.33281340984,24284.745061372952,11.621836910127248,11.621836910127252,11.62183691012724,0.652353026,0.7322252308643057,0.7919582086534777
Southern Africa,12392.366785887472,24939.756932131888,20714.76863389736,12.402444706462285,12.402444706462283,12.402444706462289,0.066746091,0.07950442563280617,0.08002821256190971
Southern Asia,6314.204160421533,22360.294694124386,15249.477387448453,37.98183110668549,37.98183110668553,37.98183110668549,1.881046215,2.2226562673063985,2.4627760463689086
Southern Europe,33637.82312109417,62954.43904932964,53203.66668885516,4.60343637815814,4.60343637815814,4.603436378158142,0.147563969,0.143642863337079,0.13853049475590481
Western Africa,4080.174341104991,10296.56146698767,6776.1518731935,22.178521169122327,22.178521169122295,22.178521169122316,0.387873048,0.6645059344775343,0.824319147738091
Western Asia,23241.51875777287,46564.09093458146,37365.29330331619,37.28317960743241,37.28317960743242,37.28317960743241,0.216457451,0.2862829022860694,0.31520906714381186
Western Europe,50248.5927289662,76612.31310327291,64489.666008665045,2.8942466352271747,2.8942466352271707,2.894246635227176,0.194034942,0.20013698781085193,0.1964180103877832
GLOBAL,,,,21.828057313998734,22.331586736690664,22.665157787496415,7.518078053,8.842046354321505,9.63713266023079
