region,urban_mean_tt,rural_mean_tt,gap_rural_minus_urban,urban_pop,rural_pop
Central Asia,53.42331254119473,67.19101641620612,13.767703875011392,41426715.0,18911495.0
Eastern Africa,16.59546790107644,24.26300977907111,7.667541877994669,216208917.0,212062575.0
Eastern Asia,18.89001680302294,23.31193700078163,4.421920197758688,1102596245.0,542349332.0
Eastern Europe,4.333683444440599,5.591015346081731,1.2573319016411322,173311649.0,118462682.0
Middle Africa,12.865086695673835,12.733017014343936,-0.1320696813298987,93652943.0,98921240.0
Northern Africa,36.69650636429437,43.76967513507188,7.073168770777507,148508844.0,54418432.0
Northern America,7.5627300782080775,5.3031315375334644,-2.259598540674613,410656558.0,173187450.0
Northern Europe,4.829844399879392,2.9047342867962667,-1.9251101130831256,72297309.0,30032211.0
Oceania,4.446542387053897,3.97438401829882,-0.47215836875507744,26855464.0,14284637.0
South America,9.432124574466695,11.57310283367134,2.140978259204646,302439312.0,119213190.0
South-Eastern Asia,11.838692301506924,11.16851594432954,-0.6701763571773842,422273485.0,229194805.0
Southern Africa,10.350622617266822,16.10179287087608,5.751170253609256,42936249.0,23800989.0
Southern Asia,37.428951848614695,39.21280169206743,1.7838498434527352,1308409729.0,570992847.0
Southern Europe,4.878692341642548,4.1457023257560115,-0.7329900158865366,91962644.0,55563739.0
Western Africa,17.01687503643756,28.853726306439906,11.836851270002345,218713187.0,169014280.0
Western Asia,32.92721361760127,44.35007152639858,11.422857908797312,133912865.0,82463959.0
Western Europe,3.341680465231348,2.1795176431947088,-1.1621628220366391,119281730.0,74732894.0
