region,n_countries,veh_per_1000,sample_pop
Central Asia,3,174.81875990835627,33269267
Eastern Africa,15,28.92230185279182,367877704
Eastern Asia,4,256.7078929712603,1569172659
Eastern Europe,10,429.0127196309548,293569445
Middle Africa,4,45.01650822664722,43398968
Northern Africa,5,97.1897194766441,195761240
Northern America,2,853.760844939813,357519619
Northern Europe,10,607.9257445190809,103193460
Oceania,8,565.4515310403751,39326200
South America,28,350.69709471454996,602358677
South-Eastern Asia,10,410.0527442041632,649504918
Southern Africa,3,190.86047241143305,5891136
Southern Asia,9,144.78865200195597,1875855029
Southern Europe,13,732.9196650548857,150089665
Western Africa,14,55.45174559303423,363412455
Western Asia,15,235.15600107746982,230644048
Western Europe,7,671.9294622591916,194874628
