item,where,manuscript,recomputed,status,source,note
Population within 1 min (billion),Table 1,1.24,1.24,OK,population_per_travel_time.py,
Share within 1 min (%),Table 1 / abstract / Fig. 3B,15.8,15.8,OK,population_per_travel_time.py; statistics.ipynb,
Population within 5 min (billion),Table 1,2.97,2.97,OK,population_per_travel_time.py,
Share within 5 min (%),Table 1 / abstract / Fig. 3B,38.0,38.0,OK,population_per_travel_time.py; statistics.ipynb,
Population within 10 min (billion),Table 1,4.05,4.05,OK,population_per_travel_time.py,
Share within 10 min (%),Table 1 / abstract / Fig. 3B,51.7,51.7,OK,population_per_travel_time.py; statistics.ipynb,
Population within 15 min (billion),Table 1,4.72,4.72,OK,population_per_travel_time.py,
Share within 15 min (%),Table 1 / abstract / Fig. 3B,60.3,60.3,OK,population_per_travel_time.py; statistics.ipynb,
Population within 30 min (billion),Table 1,5.81,5.81,OK,population_per_travel_time.py,
Share within 30 min (%),Table 1 / abstract / Fig. 3B,74.2,74.2,OK,population_per_travel_time.py; statistics.ipynb,
Population within 45 min (billion),Table 1,6.36,6.36,OK,population_per_travel_time.py,
Share within 45 min (%),Table 1 / abstract / Fig. 3B,81.2,81.2,OK,population_per_travel_time.py; statistics.ipynb,
Population within 90 min (billion),Table 1,7.12,7.12,OK,population_per_travel_time.py,
Share within 90 min (%),Table 1 / abstract / Fig. 3B,91.0,91.0,OK,population_per_travel_time.py; statistics.ipynb,
Population within 120 min (billion),Table 1,7.36,7.36,OK,population_per_travel_time.py,
Share within 120 min (%),Table 1 / abstract / Fig. 3B,94.1,94.1,OK,population_per_travel_time.py; statistics.ipynb,
Population within 180 min (billion),Table 1,7.52,7.52,OK,population_per_travel_time.py,
Share within 180 min (%),Table 1 / abstract / Fig. 3B,96.0,96.0,OK,population_per_travel_time.py; statistics.ipynb,
World population 2020 (billion),"Table 1 caption, Methods",7.83,,NOT VERIFIABLE,,"hard-coded constant 7,830,089,931 in the notebooks; see the raster-sum check in the README"
"Mean travel time, Western Europe (min)","Results, Fig. 1B",2.2,2.2,OK,regions_travel_time.py,
"Mean travel time, Southern Europe (min)","Results, Fig. 1B",4.1,4.1,OK,regions_travel_time.py,
"Mean travel time, South-Eastern Asia (min)","Results, Fig. 1B",8.0,8.0,OK,regions_travel_time.py,
"Mean travel time, Central Asia (min)","Results, Fig. 1B",85.2,85.2,OK,regions_travel_time.py,
"Mean travel time, Northern Africa (min)","Results, Fig. 1B",61.7,61.7,OK,regions_travel_time.py,
"Mean travel time, Southern Africa (min)","Results, Fig. 1B",56.8,56.8,OK,regions_travel_time.py,
"Mean travel time, Eastern Europe (min)","Results, Fig. 1B",13.0,13.0,OK,regions_travel_time.py,
"Mean travel time, Northern Europe (min)","Results, Fig. 1B",12.0,12.0,OK,regions_travel_time.py,
"Mean travel time, Southern Asia (min)","Results, Fig. 1B",47.3,47.3,OK,regions_travel_time.py,
Ratio longest/shortest regional mean,Results ('almost 40-fold'),39,39,OK,regions_travel_time.py,
Population of Southern Asia (billion),Results,1.94,1.94,OK,population_regions.py,
"Spearman r, GDP vs mean TT (n=17)",Results,-0.39,-0.39,OK,statistics.ipynb / gdpAnalysis.ipynb,
"Spearman p, GDP vs mean TT",Results,0.125,0.125,OK,statistics.ipynb,
Population-weighted Pearson r,Results,-0.45,-0.45,OK,statistics.ipynb,
"Quadrant TT, South-Eastern Asia (min)","Results, quadrants",8,8,OK,gdpAnalysis.ipynb,
"Quadrant GDP per capita, South-Eastern Asia","Results, quadrants","$9,900","$9,900",OK,gdpAnalysis.ipynb,
"Quadrant TT, Middle Africa (min)","Results, quadrants",11,11,OK,gdpAnalysis.ipynb,
"Quadrant GDP per capita, Middle Africa","Results, quadrants","$2,300","$2,300",OK,gdpAnalysis.ipynb,
"Quadrant TT, Eastern Africa (min)","Results, quadrants",25,25,OK,gdpAnalysis.ipynb,
"Quadrant GDP per capita, Eastern Africa","Results, quadrants","$1,700","$1,700",OK,gdpAnalysis.ipynb,
"Quadrant TT, Central Asia (min)","Results, quadrants",85,85,OK,gdpAnalysis.ipynb,
"Quadrant GDP per capita, Central Asia","Results, quadrants","$9,800","$9,800",OK,gdpAnalysis.ipynb,
"Quadrant TT, Northern Africa (min)","Results, quadrants",62,62,OK,gdpAnalysis.ipynb,
"Quadrant GDP per capita, Northern Africa","Results, quadrants","$8,300","$8,300",OK,gdpAnalysis.ipynb,
"Quadrant TT, Southern Asia (min)","Results, quadrants",47,47,OK,gdpAnalysis.ipynb,
"Quadrant GDP per capita, Southern Asia","Results, quadrants","$5,300","$5,300",OK,gdpAnalysis.ipynb,
"Quadrant TT, Western Africa (min)","Results, quadrants",32,32,OK,gdpAnalysis.ipynb,
"Quadrant GDP per capita, Western Africa","Results, quadrants","$3,400","$3,400",OK,gdpAnalysis.ipynb,
"Quadrant TT, Eastern Asia (min)","Results, quadrants",34,34,OK,gdpAnalysis.ipynb,
"Quadrant GDP per capita, Eastern Asia","Results, quadrants","$15,600","$15,600",OK,gdpAnalysis.ipynb,
"Quadrant TT, Western Asia (min)","Results, quadrants",49,49,OK,gdpAnalysis.ipynb,
"Quadrant GDP per capita, Western Asia","Results, quadrants","$20,200","$20,200",OK,gdpAnalysis.ipynb,
"Double advantage, TT range (min)",Results,2--20,2--19,DIFF,gdpAnalysis.ipynb,
"Double advantage, GDP range",Results,"29,000--42,000","29,000--41,000",DIFF,gdpAnalysis.ipynb,
Double-disadvantage regions,"Results, Fig. 5A","Central Asia, Northern Africa, Southern Asia, Western Africa","Central Asia, Northern Africa, Southern Asia, Western Africa",OK,gdpAnalysis.ipynb,
Double-disadvantage population (billion),"Abstract, Results",2.67,2.67,OK,gdpAnalysis.ipynb,
Double-disadvantage share of world population (%),Results,34,34,OK,gdpAnalysis.ipynb,
Western Africa + Southern Asia (billion),"Results, climate",2.35,2.35,OK,population totals,
Share of double-disadvantage population in WA + SA (%),"Results, climate",88,88,OK,population totals,
"Europe, share within 10 min (%)",Results ('over 85%'),>85,>85,OK,Figure3.ipynb (fig2b.csv),
"High income, share within 10 min (%)","Results, Fig. 6",70.1,70.1,OK,Figure4.ipynb,
"Low income, share within 10 min (%)","Results, Fig. 6",56.8,56.8,OK,Figure4.ipynb,
Gap high - low at 10 min (pp),"Results, Fig. 6 caption",13.4,13.4,OK,Figure4.ipynb,
Gap high - low at 5 min (pp),"Abstract, Results",13.6,13.6,OK,Figure4.ipynb,
Threshold with the widest gap (min),Results,5,5,OK,Figure4.ipynb,
Gap at 180 min (pp),Results ('approaching zero'),~0,~0,OK,Figure4.ipynb,
"Urban TT, Central Asia",Table S1,53.4,53.4,OK,urban_rural_gradient.py,
"Rural TT, Central Asia",Table S1,67.2,67.2,OK,urban_rural_gradient.py,
"Gap, Central Asia",Table S1,+13.8,+13.8,OK,urban_rural_gradient.py,
"Urban TT, Western Africa",Table S1,17.0,17.0,OK,urban_rural_gradient.py,
"Rural TT, Western Africa",Table S1,28.9,28.9,OK,urban_rural_gradient.py,
"Gap, Western Africa",Table S1,+11.8,+11.8,OK,urban_rural_gradient.py,
"Urban TT, Western Asia",Table S1,32.9,32.9,OK,urban_rural_gradient.py,
"Rural TT, Western Asia",Table S1,44.4,44.4,OK,urban_rural_gradient.py,
"Gap, Western Asia",Table S1,+11.4,+11.4,OK,urban_rural_gradient.py,
"Urban TT, Northern America",Table S1,7.6,7.6,OK,urban_rural_gradient.py,
"Rural TT, Northern America",Table S1,5.3,5.3,OK,urban_rural_gradient.py,
"Gap, Northern America",Table S1,-2.3,-2.3,OK,urban_rural_gradient.py,
"Urban TT, Northern Europe",Table S1,4.8,4.8,OK,urban_rural_gradient.py,
"Rural TT, Northern Europe",Table S1,2.9,2.9,OK,urban_rural_gradient.py,
"Gap, Northern Europe",Table S1,-1.9,-1.9,OK,urban_rural_gradient.py,
"Urban TT, Western Europe",Table S1,3.3,3.3,OK,urban_rural_gradient.py,
"Rural TT, Western Europe",Table S1,2.2,2.2,OK,urban_rural_gradient.py,
"Gap, Western Europe",Table S1,-1.2,-1.2,OK,urban_rural_gradient.py,
"Rural minus urban in 7--14 min, Central Asia","Results, urbanisation",yes,yes,OK,urban_rural_gradient.py,
"Rural minus urban in 7--14 min, Western Africa","Results, urbanisation",yes,yes,OK,urban_rural_gradient.py,
"Rural minus urban in 7--14 min, Western Asia","Results, urbanisation",yes,yes,OK,urban_rural_gradient.py,
"Rural minus urban in 7--14 min, Eastern Africa","Results, urbanisation",yes,yes,OK,urban_rural_gradient.py,
"Rural minus urban in 7--14 min, Northern Africa","Results, urbanisation",yes,yes,OK,urban_rural_gradient.py,
"Urban minus rural in 1--2 min, Northern America","Results, urbanisation",yes,yes,OK,urban_rural_gradient.py,
"Urban minus rural in 1--2 min, Northern Europe","Results, urbanisation",yes,yes,OK,urban_rural_gradient.py,
"Urban minus rural in 1--2 min, Western Europe","Results, urbanisation",yes,yes,OK,urban_rural_gradient.py,
Global urban / rural / gap (min),"Results, Table S1",21.0 / 23.1 / +2.2,,NOT VERIFIABLE,,printed by urban_rural_gradient.py but not written to its CSV (regional rows only)
"Population, Tropical (A) (billion)",Table S2,2.33,2.33,OK,climate_stratification_1km.py,
"Mean TT, Tropical (A)",Table S2,12.9,12.9,OK,climate_stratification_1km.py,
"Gini, Tropical (A)",Table S2,0.57,0.57,OK,climate_stratification_1km.py,
"Population, Arid (B) (billion)",Table S2,1.41,1.41,OK,climate_stratification_1km.py,
"Mean TT, Arid (B)",Table S2,47.7,47.7,OK,climate_stratification_1km.py,
"Gini, Arid (B)",Table S2,0.46,0.46,OK,climate_stratification_1km.py,
"Population, Temperate (C) (billion)",Table S2,2.81,2.81,OK,climate_stratification_1km.py,
"Mean TT, Temperate (C)",Table S2,18.4,18.4,OK,climate_stratification_1km.py,
"Gini, Temperate (C)",Table S2,0.68,0.68,OK,climate_stratification_1km.py,
"Population, Continental (D) (billion)",Table S2,1.03,1.03,OK,climate_stratification_1km.py,
"Mean TT, Continental (D)",Table S2,15.2,15.2,OK,climate_stratification_1km.py,
"Gini, Continental (D)",Table S2,0.69,0.69,OK,climate_stratification_1km.py,
"Population, Polar (E) (billion)",Table S2,0.01,0.01,OK,climate_stratification_1km.py,
"Mean TT, Polar (E)",Table S2,48.3,48.3,OK,climate_stratification_1km.py,
"Gini, Polar (E)",Table S2,0.51,0.51,OK,climate_stratification_1km.py,
"Arid vs A/C/D, ratio range","Results, climate",2.6 to 3.7,2.6 to 3.7,OK,climate_stratification_1km.py,
"Climate composition (N Africa 78% arid, C Asia 77%, W Africa 72% tropical, S Asia 67%)","Results, climate",78 / 77 / 72 / 67,,NOT VERIFIABLE,,"printed by macroregion_climate_composition_1km.py, not written to a file (see README check of the heavy step)"
0.5 deg vs 1 km reassigns up to ~40% of population,Methods,~40%,,NOT VERIFIABLE,,"no script in the repository (0.5 deg tables shipped as *_0p5deg.csv, producer missing)"
"Spearman r, precipitation vs TT","Results, Fig. S3",-0.77,-0.77,OK,figure_S3_S4_covariate_scatters.py,
"Spearman p < 0.001, precipitation vs TT",Results,<0.001,<0.001,OK,figure_S3_S4_covariate_scatters.py,
"Spearman r, precipitation vs GDP","Results, Fig. S3",-0.04,-0.04,OK,figure_S3_S4_covariate_scatters.py,
"Spearman p, precipitation vs GDP",Results,0.89,0.88,DIFF,figure_S3_S4_covariate_scatters.py,
"Partial r GDP-TT | temperature, precipitation [whole-region GDP (Fig. 5 values)]","Results, climate",-0.51 (p=0.035),-0.51 (p=0.050),DIFF,"NO SCRIPT in repository; recomputed here (rank-residual, Methods)",
"Partial r GDP-TT | temperature, precipitation [GDP of pixels <= 180 min (Table S3 values)]","Results, climate",-0.51 (p=0.035),-0.53 (p=0.044),DIFF,"NO SCRIPT in repository; recomputed here (rank-residual, Methods)",
"Spearman r, vehicles vs TT","Results, Fig. S4",-0.50 (p=0.042),-0.50 (p=0.042),OK,vehicle_ownership_covariate.py,
"Spearman r, vehicles vs GDP","Results, Fig. S4",0.94,0.94,OK,vehicle_ownership_covariate.py,
Unconditional Spearman GDP-TT in the vehicle analysis,Results ('versus the unconditional'),-0.39 (p=0.125),-0.39 (p=0.122),DIFF,vehicle_ownership_covariate.py,"the vehicle script uses GDP of pixels <= 180 min, not the whole-region GDP of Fig. 5"
Partial r GDP-TT | vehicles,Results,0.26 (p=0.33),0.26 (p=0.33),OK,vehicle_ownership_covariate.py,
"Vehicles per 1,000, Eastern Africa",Table S3,29,29,OK,vehicle_ownership_covariate.py,
"GDP per capita, Eastern Africa",Table S3,"1,696","1,696",OK,population_gdp_travel_time.py (threshold 180 row),
"Mean TT, Eastern Africa",Table S3,25.2,25.2,OK,population_gdp_travel_time.py (threshold 180 row),
"Vehicles per 1,000, Middle Africa",Table S3,45,45,OK,vehicle_ownership_covariate.py,
"GDP per capita, Middle Africa",Table S3,"2,305","2,305",OK,population_gdp_travel_time.py (threshold 180 row),
"Mean TT, Middle Africa",Table S3,10.7,10.7,OK,population_gdp_travel_time.py (threshold 180 row),
"Vehicles per 1,000, Western Africa",Table S3,55,55,OK,vehicle_ownership_covariate.py,
"GDP per capita, Western Africa",Table S3,"3,516","3,516",OK,population_gdp_travel_time.py (threshold 180 row),
"Mean TT, Western Africa",Table S3,32.0,32.0,OK,population_gdp_travel_time.py (threshold 180 row),
"Vehicles per 1,000, Northern Africa",Table S3,97,97,OK,vehicle_ownership_covariate.py,
"GDP per capita, Northern Africa",Table S3,"8,572","8,572",OK,population_gdp_travel_time.py (threshold 180 row),
"Mean TT, Northern Africa",Table S3,61.7,61.7,OK,population_gdp_travel_time.py (threshold 180 row),
"Vehicles per 1,000, Southern Asia",Table S3,145,145,OK,vehicle_ownership_covariate.py,
"GDP per capita, Southern Asia",Table S3,"5,316","5,316",OK,population_gdp_travel_time.py (threshold 180 row),
"Mean TT, Southern Asia",Table S3,47.3,47.3,OK,population_gdp_travel_time.py (threshold 180 row),
"Vehicles per 1,000, Central Asia",Table S3,175,175,OK,vehicle_ownership_covariate.py,
"GDP per capita, Central Asia",Table S3,"8,449","8,449",OK,population_gdp_travel_time.py (threshold 180 row),
"Mean TT, Central Asia",Table S3,85.2,85.2,OK,population_gdp_travel_time.py (threshold 180 row),
"Vehicles per 1,000, Southern Africa",Table S3,191,191,OK,vehicle_ownership_covariate.py,
"GDP per capita, Southern Africa",Table S3,"11,302","11,302",OK,population_gdp_travel_time.py (threshold 180 row),
"Mean TT, Southern Africa",Table S3,56.8,56.8,OK,population_gdp_travel_time.py (threshold 180 row),
"Vehicles per 1,000, Western Asia",Table S3,235,235,OK,vehicle_ownership_covariate.py,
"GDP per capita, Western Asia",Table S3,"16,357","16,357",OK,population_gdp_travel_time.py (threshold 180 row),
"Mean TT, Western Asia",Table S3,48.8,48.8,OK,population_gdp_travel_time.py (threshold 180 row),
"Vehicles per 1,000, Eastern Asia",Table S3,257,257,OK,vehicle_ownership_covariate.py,
"GDP per capita, Eastern Asia",Table S3,"15,684","15,684",OK,population_gdp_travel_time.py (threshold 180 row),
"Mean TT, Eastern Asia",Table S3,34.1,34.1,OK,population_gdp_travel_time.py (threshold 180 row),
"Vehicles per 1,000, South America",Table S3,351,351,OK,vehicle_ownership_covariate.py,
"GDP per capita, South America",Table S3,"14,126","14,126",OK,population_gdp_travel_time.py (threshold 180 row),
"Mean TT, South America",Table S3,15.5,15.5,OK,population_gdp_travel_time.py (threshold 180 row),
"Vehicles per 1,000, South-Eastern Asia",Table S3,410,410,OK,vehicle_ownership_covariate.py,
"GDP per capita, South-Eastern Asia",Table S3,"9,836","9,836",OK,population_gdp_travel_time.py (threshold 180 row),
"Mean TT, South-Eastern Asia",Table S3,8.0,8.0,OK,population_gdp_travel_time.py (threshold 180 row),
"Vehicles per 1,000, Eastern Europe",Table S3,429,429,OK,vehicle_ownership_covariate.py,
"GDP per capita, Eastern Europe",Table S3,"21,644","21,644",OK,population_gdp_travel_time.py (threshold 180 row),
"Mean TT, Eastern Europe",Table S3,13.0,13.0,OK,population_gdp_travel_time.py (threshold 180 row),
"Vehicles per 1,000, Oceania",Table S3,565,565,OK,vehicle_ownership_covariate.py,
"GDP per capita, Oceania",Table S3,"28,456","28,456",OK,population_gdp_travel_time.py (threshold 180 row),
"Mean TT, Oceania",Table S3,33.8,33.8,OK,population_gdp_travel_time.py (threshold 180 row),
"Vehicles per 1,000, Northern Europe",Table S3,608,608,OK,vehicle_ownership_covariate.py,
"GDP per capita, Northern Europe",Table S3,"39,100","39,100",OK,population_gdp_travel_time.py (threshold 180 row),
"Mean TT, Northern Europe",Table S3,12.0,12.0,OK,population_gdp_travel_time.py (threshold 180 row),
"Vehicles per 1,000, Western Europe",Table S3,672,672,OK,vehicle_ownership_covariate.py,
"GDP per capita, Western Europe",Table S3,"41,483","41,483",OK,population_gdp_travel_time.py (threshold 180 row),
"Mean TT, Western Europe",Table S3,2.2,2.2,OK,population_gdp_travel_time.py (threshold 180 row),
"Vehicles per 1,000, Southern Europe",Table S3,733,733,OK,vehicle_ownership_covariate.py,
"GDP per capita, Southern Europe",Table S3,"29,216","29,216",OK,population_gdp_travel_time.py (threshold 180 row),
"Mean TT, Southern Europe",Table S3,4.1,4.1,OK,population_gdp_travel_time.py (threshold 180 row),
"Vehicles per 1,000, Northern America",Table S3,854,854,OK,vehicle_ownership_covariate.py,
"GDP per capita, Northern America",Table S3,"36,062","36,062",OK,population_gdp_travel_time.py (threshold 180 row),
"Mean TT, Northern America",Table S3,19.1,19.1,OK,population_gdp_travel_time.py (threshold 180 row),
"GDP per capita, Western Africa: Results text vs Table S3",Results vs Table S3,,"text 3,432 / table 3,516",INCONSISTENT,,Fig. 5/text use whole-region GDP per capita; Table S3 uses pixels <= 180 min
"GDP per capita, Northern Africa: Results text vs Table S3",Results vs Table S3,,"text 8,259 / table 8,572",INCONSISTENT,,Fig. 5/text use whole-region GDP per capita; Table S3 uses pixels <= 180 min
"GDP per capita, Central Asia: Results text vs Table S3",Results vs Table S3,,"text 9,758 / table 8,449",INCONSISTENT,,Fig. 5/text use whole-region GDP per capita; Table S3 uses pixels <= 180 min
"Global pop-weighted TT, mean_tt_2020","Table S4, Results",21.8,21.8,OK,ssp_2050_projection.py,
"Global pop-weighted TT, mean_tt_SSP1_2050","Table S4, Results",22.3,22.3,OK,ssp_2050_projection.py,
"Global pop-weighted TT, mean_tt_SSP3_2050","Table S4, Results",22.7,22.7,OK,ssp_2050_projection.py,
"Double-disadvantage population, total_pop_2020_B","Table S4, Results",2.14,2.14,OK,sum of three regions in ssp_2050_projection.py output; classification code MISSING,
"Double-disadvantage population, total_pop_SSP1_2050_B","Table S4, Results",2.58,2.59,DIFF,sum of three regions in ssp_2050_projection.py output; classification code MISSING,
"Double-disadvantage population, total_pop_SSP3_2050_B","Table S4, Results",2.87,2.87,OK,sum of three regions in ssp_2050_projection.py output; classification code MISSING,
"Share within 10 / 30 min, 2020 / SSP1 / SSP3","Table S4, Results",53.9/52.8/52.0; 77.3/76.7/76.3,,NOT VERIFIABLE,,"printed by ssp_2050_projection.py, not written to its CSV"
2050 double-disadvantage classification (median thresholds),"Results, Methods",3 regions in both pathways,,NOT VERIFIABLE,,no script in the repository
Global population-weighted mean TT (min),"Results, Fig. 2",21.7,,NOT VERIFIABLE,,computed from native rasters by statistics.ipynb (see README check)
"Unweighted spatial mean, native to 100 km",Fig. S2 caption,21.4 to 30.9,,NOT VERIFIABLE,,no script in the repository (Fig. S2)
