region,vehicles_per_1000,gdp_per_capita_ppp2011,mean_travel_time_min_unweighted
Eastern Africa,28.92230185279182,1695.6860770134897,25.208137518273933
Middle Africa,45.01650822664722,2304.607888984792,10.650032995717236
Western Africa,55.45174559303423,3516.356655005325,31.980955744156574
Northern Africa,97.1897194766441,8572.022837737815,61.67633562535033
Southern Asia,144.78865200195597,5316.024838281817,47.29871785043505
Central Asia,174.81875990835627,8448.609852961832,85.18609146633446
Southern Africa,190.86047241143305,11301.554189173416,56.82008720111092
Western Asia,235.15600107746982,16356.642424584405,48.76610682529043
Eastern Asia,256.7078929712603,15684.366732153128,34.07638074010629
South America,350.69709471454996,14126.442837161349,15.511674525306493
South-Eastern Asia,410.0527442041632,9835.658336711693,7.97291985178579
Eastern Europe,429.0127196309548,21643.884014235267,12.988956537571571
Oceania,565.4515310403751,28456.396371065348,33.82894795532278
Northern Europe,607.9257445190809,39099.685537223944,11.987498417901987
Western Europe,671.9294622591916,41483.353676947525,2.2069314138659433
Southern Europe,732.9196650548857,29215.990822475094,4.10228309872204
Northern America,853.760844939813,36061.60402907351,19.10831626889556
