region,vehicles_per_1000,mean_travel_time_min_unweighted,gdp_per_capita_ppp2011
Central Asia,174.81875990835627,85.18609146633446,8448.609852961832
Eastern Africa,28.92230185279182,25.208137518273933,1695.6860770134897
Eastern Asia,256.7078929712603,34.07638074010629,15684.366732153128
Eastern Europe,429.0127196309548,12.988956537571571,21643.884014235267
Middle Africa,45.01650822664722,10.650032995717236,2304.607888984792
Northern Africa,97.1897194766441,61.67633562535033,8572.022837737815
Northern America,853.760844939813,19.10831626889556,36061.60402907351
Northern Europe,607.9257445190809,11.987498417901987,39099.685537223944
Oceania,565.4515310403751,33.82894795532278,28456.396371065348
South America,350.69709471454996,15.511674525306493,14126.442837161349
South-Eastern Asia,410.0527442041632,7.97291985178579,9835.658336711693
Southern Africa,190.86047241143305,56.82008720111092,11301.554189173416
Southern Asia,144.78865200195597,47.29871785043505,5316.024838281817
Southern Europe,732.9196650548857,4.10228309872204,29215.990822475094
Western Africa,55.45174559303423,31.980955744156574,3516.356655005325
Western Asia,235.15600107746982,48.76610682529043,16356.642424584405
Western Europe,671.9294622591916,2.2069314138659433,41483.353676947525
