income_group,threshold_min,population_share_pct,group_population
High,1,50.078821541160615,938488374
High,5,63.761581451407515,938488374
High,10,70.1257673757821,938488374
High,15,75.02986616646143,938488374
High,30,83.67246497184631,938488374
High,45,88.11139209701068,938488374
High,90,95.77899853664037,938488374
High,120,97.9785327633691,938488374
High,180,100.0,938488374
Low,1,43.16032716509794,464237417
Low,5,50.14577573354024,464237417
Low,10,56.765917039384185,464237417
Low,15,64.69444448076446,464237417
Low,30,77.10112108434379,464237417
Low,45,84.07466798394667,464237417
Low,90,93.1981962582736,464237417
Low,120,96.17818806707689,464237417
Low,180,100.0,464237417
Lower-middle,1,42.60148029718675,533235628
Lower-middle,5,50.11235764613988,533235628
Lower-middle,10,56.37239809489999,533235628
Lower-middle,15,63.567494968659524,533235628
Lower-middle,30,75.72376540451269,533235628
Lower-middle,45,82.31281312658275,533235628
Lower-middle,90,92.79757240827126,533235628
Lower-middle,120,95.9213334859913,533235628
Lower-middle,180,100.0,533235628
Upper-middle,1,43.18570093101304,654734655
Upper-middle,5,51.80412666563373,654734655
Upper-middle,10,57.81761605394173,654734655
Upper-middle,15,64.05587985868871,654734655
Upper-middle,30,75.57540970547832,654734655
Upper-middle,45,81.89773687785016,654734655
Upper-middle,90,92.58867349857935,654734655
Upper-middle,120,96.2204983635699,654734655
Upper-middle,180,100.0,654734655
