continent,threshold_min,population,total_population,population_share_pct
Africa,1,183422391,1350630854,13.580497621298973
Africa,5,424507940,1350630854,31.4303452155551
Africa,10,621977486,1350630854,46.05088682506879
Africa,15,762047683,1350630854,56.421610741612746
Africa,30,987524499,1350630854,73.1157959316099
Africa,45,1099138924,1350630854,81.37966941483776
Africa,90,1220455724,1350630854,90.36190165399552
Africa,120,1247119568,1350630854,92.33607867809008
Africa,180,1278824495,1350630854,94.683494843366
America,1,244002700,1009272028,24.176108445561717
America,5,639409917,1009272028,63.35357557338347
America,10,829751486,1009272028,82.21286858056072
America,15,897785807,1009272028,88.95379858877848
America,30,952042520,1009272028,94.3296250750744
America,45,970193518,1009272028,96.12804983038724
America,90,996944773,1009272028,98.77859936092472
America,120,1003010762,1009272028,99.37962552946132
America,180,1005939584,1009272028,99.6698170654146
Asia,1,566064324,4611300655,12.275589174308566
Asia,5,1307433498,4611300655,28.35281400665904
Asia,10,1878452286,4611300655,40.73584497170463
Asia,15,2304615364,4611300655,49.97755593101747
Asia,30,3098623150,4611300655,67.1962941006717
Asia,45,3516512104,4611300655,76.25857360194182
Asia,90,4127546105,4611300655,89.50936869675873
Asia,120,4337422062,4611300655,94.06070838814132
Asia,180,4456169684,4611300655,96.63585216826422
Europe,1,230237435,736571361,31.257994430766363
Europe,5,571716437,736571361,77.6186079545387
Europe,10,683303825,736571361,92.76817714882618
Europe,15,713892873,736571361,96.92107388356632
Europe,30,730342622,736571361,99.15436041505284
Europe,45,733241612,736571361,99.54793938831948
Europe,90,735472591,736571361,99.85082640214137
Europe,120,735818086,736571361,99.8977322443032
Europe,180,735952807,736571361,99.91602252914636
Oceania,1,15638861,41292200,37.87364441710541
Oceania,5,31055385,41292200,75.20884089489056
Oceania,10,37966014,41292200,91.94475954296452
Oceania,15,39841337,41292200,96.486350933106
Oceania,30,40651089,41292200,98.44737989257052
Oceania,45,40901716,41292200,99.05433956049812
Oceania,90,41150056,41292200,99.65576065213286
Oceania,120,41173675,41292200,99.7129603169606
Oceania,180,41191483,41292200,99.7560871060394
