region,continent,gdp_per_capita_ppp2011_within_10min,population_within_10min
Eastern Africa,Africa,2001.4687750961616,197900033
Middle Africa,Africa,2156.3235354548533,125539626
Western Africa,Africa,4109.509628389833,205926228
Southern Asia,Asia,5667.536182737283,509027160
South-Eastern Asia,Asia,9425.749800469575,385766983
Northern Africa,Africa,9485.107907174784,47915989
Southern Africa,Africa,10998.809040977403,44695610
South America,America,13800.186963023993,335989174
Eastern Asia,Asia,16351.365475319824,889120694
Central Asia,Asia,18687.579415367298,6985172
Western Asia,Asia,18733.808144544317,87552277
Eastern Europe,Europe,22437.869525727572,266150049
Oceania,Oceania,28689.428977400683,37966014
Southern Europe,Europe,29069.069637015826,131312060
Northern America,America,36309.27564995686,493762312
Northern Europe,Europe,38934.974947824805,95276118
Western Europe,Europe,41342.682835671105,190565598
