region,continent,gdp_per_capita_ppp2011,mean_travel_time_min_unweighted,population
Central Asia,Asia,9758.30401773128,85.18609146633446,74805650
Eastern Africa,Africa,1681.51788200615,25.208137518273933,437105934
Eastern Asia,Asia,15643.794334804386,34.07638074010629,1663821489
Eastern Europe,Europe,21661.890743132357,12.988956537571571,292018586
Middle Africa,Africa,2310.4327074252697,10.650032995717236,194581186
Northern Africa,Africa,8258.540208000815,61.67633562535033,247997682
Northern America,America,36097.17862622186,19.10831626889556,584376179
Northern Europe,Europe,39185.54562466523,11.987498417901987,102436916
Oceania,Oceania,28623.31406008883,33.82894795532278,41292200
South America,America,14274.827281167438,15.511674525306493,424895849
South-Eastern Asia,Asia,9856.945108605918,7.97291985178579,652993144
Southern Africa,Africa,11293.057581421235,56.82008720111092,67014150
Southern Asia,Asia,5314.908888119217,47.29871785043505,1941714313
Southern Europe,Europe,29293.025184193197,4.10228309872204,148066407
Western Africa,Africa,3432.045085659018,31.980955744156574,403931902
Western Asia,Asia,20206.37089859953,48.76610682529043,277966059
Western Europe,Europe,41498.32969216527,2.2069314138659433,194049452
