region,annual_precip_mm,mean_travel_time_min_unweighted,gdp_per_capita_ppp2011
Central Asia,242.7435252055774,85.18609146633446,8448.609852961832
Eastern Africa,860.8560752074893,25.208137518273933,1695.6860770134897
Eastern Asia,558.0082025798986,34.07638074010629,15684.366732153128
Eastern Europe,441.5291965966019,12.988956537571571,21643.884014235267
Middle Africa,1192.9478094746958,10.650032995717236,2304.607888984792
Northern Africa,109.64989324779664,61.67633562535033,8572.022837737815
Northern America,588.1105204573312,19.10831626889556,36061.60402907351
Northern Europe,789.0390160603506,11.987498417901987,39099.685537223944
Oceania,670.9414200649585,33.82894795532278,28456.396371065348
South America,1500.6287122011963,15.511674525306493,14126.442837161349
South-Eastern Asia,2303.6246946521856,7.97291985178579,9835.658336711693
Southern Africa,402.4382295157749,56.82008720111092,11301.554189173416
Southern Asia,743.3271036759645,47.29871785043505,5316.024838281817
Southern Europe,757.4540069515837,4.10228309872204,29215.990822475094
Western Africa,625.3131800703592,31.980955744156574,3516.356655005325
Western Asia,251.81600155669784,48.76610682529043,16356.642424584405
Western Europe,854.103896776868,2.2069314138659433,41483.353676947525
